feature,importance
numeric__Torque [Nm],0.42759539287885484
numeric__Process temperature [K],0.18925489345607083
numeric__Tool wear [min],0.13636414269528754
numeric__Air temperature [K],0.13249105680741186
numeric__Rotational speed [rpm],0.09636764266618582
type__Type_M,0.010607259651468501
type__Type_H,0.004773266843160825
type__Type_L,0.002546345001559908
