{
  "dataset": "UCI AI4I 2020 Predictive Maintenance Dataset (id=601)",
  "random_state": 42,
  "target": "Machine failure",
  "feature_columns": [
    "Type",
    "Air temperature [K]",
    "Process temperature [K]",
    "Rotational speed [rpm]",
    "Torque [Nm]",
    "Tool wear [min]"
  ],
  "excluded_leakage_columns": [
    "UID",
    "UDI",
    "Product ID",
    "Machine failure",
    "TWF",
    "HDF",
    "PWF",
    "OSF",
    "RNF"
  ],
  "splits": {
    "train_rows": 6000,
    "validation_rows": 2000,
    "test_rows": 2000,
    "strategy": "stratified 60/20/20"
  },
  "baseline_cross_validation": [
    {
      "model_key": "decision_tree",
      "model": "DecisionTreeClassifier",
      "class_weight": "none",
      "cv_accuracy_mean": 0.9795,
      "cv_accuracy_std": 0.0045521667612492414,
      "cv_precision_mean": 0.7628479945767472,
      "cv_precision_std": 0.09779225036351812,
      "cv_recall_mean": 0.5858536585365854,
      "cv_recall_std": 0.08365746994982404,
      "cv_f1_mean": 0.6580659530526237,
      "cv_f1_std": 0.07615768245527268,
      "cv_roc_auc_mean": 0.8887945301461994,
      "cv_roc_auc_std": 0.03295332688446449,
      "cv_pr_auc_mean": 0.5956576206704439,
      "cv_pr_auc_std": 0.08074193558674632
    },
    {
      "model_key": "random_forest_balanced",
      "model": "RandomForestClassifier (balanced)",
      "class_weight": "balanced",
      "cv_accuracy_mean": 0.9671666666666667,
      "cv_accuracy_std": 0.005715476066494102,
      "cv_precision_mean": 0.5139646307101009,
      "cv_precision_std": 0.06041688984765401,
      "cv_recall_mean": 0.7236585365853658,
      "cv_recall_std": 0.056957094803224945,
      "cv_f1_mean": 0.6000878939399141,
      "cv_f1_std": 0.057515754967631214,
      "cv_roc_auc_mean": 0.9657860349961649,
      "cv_roc_auc_std": 0.007146390639606408,
      "cv_pr_auc_mean": 0.6652724365004212,
      "cv_pr_auc_std": 0.07237961299750717
    },
    {
      "model_key": "random_forest",
      "model": "RandomForestClassifier",
      "class_weight": "none",
      "cv_accuracy_mean": 0.9776666666666667,
      "cv_accuracy_std": 0.001699673171197584,
      "cv_precision_mean": 0.8876406926406926,
      "cv_precision_std": 0.07616748718504181,
      "cv_recall_mean": 0.39414634146341465,
      "cv_recall_std": 0.041673784837151305,
      "cv_f1_mean": 0.5432744699853681,
      "cv_f1_std": 0.03982978950064124,
      "cv_roc_auc_mean": 0.9689835697300028,
      "cv_roc_auc_std": 0.00818899017937116,
      "cv_pr_auc_mean": 0.7347312519607765,
      "cv_pr_auc_std": 0.04883431625723775
    },
    {
      "model_key": "decision_tree_balanced",
      "model": "DecisionTreeClassifier (balanced)",
      "class_weight": "balanced",
      "cv_accuracy_mean": 0.9521666666666666,
      "cv_accuracy_std": 0.0040345728123033905,
      "cv_precision_mean": 0.39043989086351094,
      "cv_precision_std": 0.02476963177824037,
      "cv_recall_mean": 0.7291463414634147,
      "cv_recall_std": 0.03412107078834148,
      "cv_f1_mean": 0.5082905702198619,
      "cv_f1_std": 0.02739446275554392,
      "cv_roc_auc_mean": 0.854151573036847,
      "cv_roc_auc_std": 0.01722698927972783,
      "cv_pr_auc_mean": 0.5430219323464329,
      "cv_pr_auc_std": 0.0573881630944146
    },
    {
      "model_key": "svm_balanced",
      "model": "SVC (balanced)",
      "class_weight": "balanced",
      "cv_accuracy_mean": 0.917,
      "cv_accuracy_std": 0.007898663740715186,
      "cv_precision_mean": 0.2733969563594317,
      "cv_precision_std": 0.024985895222587484,
      "cv_recall_mean": 0.8668292682926829,
      "cv_recall_std": 0.037772606209962804,
      "cv_f1_mean": 0.41529127956042056,
      "cv_f1_std": 0.03126242548953328,
      "cv_roc_auc_mean": 0.9551462635453986,
      "cv_roc_auc_std": 0.009718852723188462,
      "cv_pr_auc_mean": 0.6305813638646669,
      "cv_pr_auc_std": 0.04842847198514858
    },
    {
      "model_key": "knn",
      "model": "KNeighborsClassifier",
      "class_weight": "none",
      "cv_accuracy_mean": 0.9728333333333335,
      "cv_accuracy_std": 0.0010000000000000232,
      "cv_precision_mean": 0.9206593406593406,
      "cv_precision_std": 0.06723407052307304,
      "cv_recall_mean": 0.21646341463414634,
      "cv_recall_std": 0.03793447495674486,
      "cv_f1_mean": 0.3485453112687155,
      "cv_f1_std": 0.05009888898346258,
      "cv_roc_auc_mean": 0.8663371599636008,
      "cv_roc_auc_std": 0.028664227515565525,
      "cv_pr_auc_mean": 0.5925905106915976,
      "cv_pr_auc_std": 0.07663147375057677
    },
    {
      "model_key": "svm",
      "model": "SVC",
      "class_weight": "none",
      "cv_accuracy_mean": 0.9726666666666667,
      "cv_accuracy_std": 0.0027080128015453306,
      "cv_precision_mean": 0.8832517482517483,
      "cv_precision_std": 0.07273134066084193,
      "cv_recall_mean": 0.22146341463414637,
      "cv_recall_std": 0.0905190268928319,
      "cv_f1_mean": 0.3446618063444956,
      "cv_f1_std": 0.11748760295155343,
      "cv_roc_auc_mean": 0.9400689637030851,
      "cv_roc_auc_std": 0.014068860911996895,
      "cv_pr_auc_mean": 0.6407285001486134,
      "cv_pr_auc_std": 0.01588617920324724
    },
    {
      "model_key": "logistic",
      "model": "LogisticRegression",
      "class_weight": "none",
      "cv_accuracy_mean": 0.97,
      "cv_accuracy_std": 0.0013944333775567717,
      "cv_precision_mean": 0.704047619047619,
      "cv_precision_std": 0.0584163646192469,
      "cv_recall_mean": 0.1969512195121951,
      "cv_recall_std": 0.0675041585516978,
      "cv_f1_mean": 0.3015084376500129,
      "cv_f1_std": 0.0816534784916307,
      "cv_roc_auc_mean": 0.8962987811227595,
      "cv_roc_auc_std": 0.024340488440795473,
      "cv_pr_auc_mean": 0.4691500336561245,
      "cv_pr_auc_std": 0.07829468603149639
    },
    {
      "model_key": "logistic_balanced",
      "model": "LogisticRegression (balanced)",
      "class_weight": "balanced",
      "cv_accuracy_mean": 0.8238333333333333,
      "cv_accuracy_std": 0.01652103036872836,
      "cv_precision_mean": 0.1376151716595789,
      "cv_precision_std": 0.015700745236162675,
      "cv_recall_mean": 0.7935365853658537,
      "cv_recall_std": 0.08450577176166783,
      "cv_f1_mean": 0.23436233541656276,
      "cv_f1_std": 0.025713034756422955,
      "cv_roc_auc_mean": 0.8980548696129533,
      "cv_roc_auc_std": 0.021336993464959993,
      "cv_pr_auc_mean": 0.4388531210394914,
      "cv_pr_auc_std": 0.0680203572366831
    },
    {
      "model_key": "dummy",
      "model": "DummyClassifier",
      "class_weight": "none",
      "cv_accuracy_mean": 0.9661666666666667,
      "cv_accuracy_std": 0.0004082482904638724,
      "cv_precision_mean": 0.0,
      "cv_precision_std": 0.0,
      "cv_recall_mean": 0.0,
      "cv_recall_std": 0.0,
      "cv_f1_mean": 0.0,
      "cv_f1_std": 0.0,
      "cv_roc_auc_mean": 0.5,
      "cv_roc_auc_std": 0.0,
      "cv_pr_auc_mean": 0.03383333333333334,
      "cv_pr_auc_std": 0.00040824829046386227
    }
  ],
  "tuned_cross_validation": [
    {
      "model_key": "decision_tree",
      "model": "decision tree",
      "cv_f1_mean": 0.6841262414056531,
      "cv_f1_std": 0.04762113211956584,
      "best_params": "{\"classifier__max_depth\": 8, \"classifier__min_samples_leaf\": 1}"
    },
    {
      "model_key": "random_forest_balanced",
      "model": "random forest balanced",
      "cv_f1_mean": 0.612402094030001,
      "cv_f1_std": 0.06372756316971155,
      "best_params": "{\"classifier__max_depth\": 10, \"classifier__min_samples_leaf\": 1, \"classifier__n_estimators\": 150}"
    }
  ],
  "selection": {
    "model_key": "decision_tree",
    "model": "DecisionTreeClassifier",
    "threshold": 0.19,
    "threshold_selected_on": "validation_set_only"
  },
  "validation": {
    "at_0_50": {
      "accuracy": 0.9825,
      "precision": 0.8113207547169812,
      "recall": 0.6323529411764706,
      "f1": 0.7107438016528925,
      "roc_auc": 0.8915479235172329,
      "pr_auc": 0.5876974492430352
    },