model_key,model,class_weight,cv_accuracy_mean,cv_accuracy_std,cv_precision_mean,cv_precision_std,cv_recall_mean,cv_recall_std,cv_f1_mean,cv_f1_std,cv_roc_auc_mean,cv_roc_auc_std,cv_pr_auc_mean,cv_pr_auc_std
random_forest_balanced,RandomForestClassifier (balanced),balanced,0.977,0.006904105059069326,0.6989547143721372,0.12264410124357776,0.5808536585365854,0.10059726456082571,0.6313277997169895,0.10096411648942133,0.9654770027107125,0.010106962519159735,0.7078087111776842,0.057993377790782306
decision_tree_balanced,DecisionTreeClassifier (balanced),balanced,0.9755,0.003519785346990466,0.6478279899332532,0.05858085485331526,0.6057317073170732,0.048366536285356566,0.6260483819977491,0.053162032287768904,0.7970870907535352,0.02517742902571439,0.408568608847813,0.0638044165755657
decision_tree,DecisionTreeClassifier,none,0.9736666666666667,0.003929942040850537,0.621682918983282,0.0755766993213208,0.6301219512195122,0.054877506772391164,0.6194570197965656,0.024064261180508726,0.8079014147517037,0.025128159303922176,0.4006960010530016,0.02797306185103719
random_forest,RandomForestClassifier,none,0.9796666666666667,0.0032317865716108736,0.9040030557677616,0.06500810344323771,0.4479268292682927,0.08823707991800767,0.5937389514350027,0.08588068522553209,0.9654800257755337,0.009826388798383826,0.7541317417997896,0.05575358095250844
logistic,LogisticRegression,none,0.97,0.0013944333775567717,0.704047619047619,0.0584163646192469,0.1969512195121951,0.0675041585516978,0.3015084376500129,0.0816534784916307,0.8962987811227595,0.024340488440795473,0.4691500336561245,0.07829468603149639
logistic_balanced,LogisticRegression (balanced),balanced,0.8238333333333333,0.01652103036872836,0.1376151716595789,0.015700745236162675,0.7935365853658537,0.08450577176166783,0.23436233541656276,0.025713034756422955,0.8980548696129533,0.021336993464959993,0.4388531210394914,0.0680203572366831
dummy,DummyClassifier,none,0.9661666666666667,0.0004082482904638724,0.0,0.0,0.0,0.0,0.0,0.0,0.5,0.0,0.03383333333333334,0.00040824829046386227
